{"v":[
[-4.333332,0.03333332,0],
[-1,0.03333332,0],
[-1,0.03333332,-0.6666679],
[0,0.03333332,-1],
[0,0.03333332,-4.333332],
[-4.333332,0.03333332,-4.333332],
[0.8333334,0.03333332,-1],
[1.166667,0.03333332,0],
[4.333333,0.03333332,0],
[4.333333,0.03333332,-4.333332],
[-1,0.03333332,0.8333334],
[0,0.03333332,4.333333],
[0,0.03333332,1.166667],
[-4.333332,0.03333332,4.333333],
[1.166667,0.03333332,0.6666667],
[0.6666667,0.03333332,1.166667],
[4.333333,0.03333332,4.333333]
],"p":[
[0,1,2],
[2,3,4,5,0],
[4,3,6],
[6,7,8,9,4],
[10,1,0],
[11,12,10,0,13],
[8,7,14],
[15,12,11],
[8,14,15,11,16]
]}