{"v":[
[-29.33333,0.05814743,0],
[0,0.05814743,0],
[-13.16667,0.05814743,-5.666666],
[-29.33333,0.05814743,-5.666666],
[-13.16667,0.05814743,-13.33333],
[-1.833332,0.05814743,-13.33333],
[0,0.05814743,-29.33333],
[-29.33333,0.05814743,-29.33333],
[-29.33333,0.05814743,-13.33333],
[-29.33333,0.05814743,-11.16667],
[-13.16667,0.05814743,-11.16667],
[-13.5,0.05814743,-11.5],
[-13.5,0.05814743,-13],
[-1.833332,0.05814743,-5.666666],
[-1.5,0.05814743,-13],
[-1.5,0.05814743,-11.5],
[-1.833332,0.05814743,-11.16667],
[-1.833332,0.05814743,-7.833332],
[-1.5,0.05814743,-7.5],
[-13.5,0.05814743,-6],
[-13.5,0.05814743,-7.5],
[-29.33333,0.05814743,-7.833332],
[-13.16667,0.05814743,-7.833332],
[-1.5,0.05814743,-6],
[29.33333,0.05814743,0],
[29.33333,0.05814743,-29.33333],
[0,0.05814743,29.33333],
[-29.33333,0.05814743,29.33333],
[29.33333,0.05814743,29.33333],
[18.33333,0.05814743,18.5],
[4.333333,0.05814743,18.5],
[18.33333,0.05814743,8.5],
[29.33333,0.05814743,8.5],
[4.333333,0.05814743,8.5],
[4,0.05814743,8.833334],
[29.33333,0.05814743,18.5],
[5.166667,30.47482,9.666667],
[5.166667,30.47482,17.33333],
[17.5,30.47482,17.33333],
[17.5,30.47482,9.666667],
[18.66667,0.05814743,8.833334],
[18.66667,0.05814743,18.16667],
[5.166667,0.05814743,9.666667],
[5.166667,0.05814743,17.33333],
[17.5,0.05814743,17.33333],
[17.5,0.05814743,9.666667],
[4,0.05814743,18.16667]
],"p":[
[0,1,2],
[0,2,3],
[4,5,6],
[4,6,7],
[4,7,8],
[9,10,11],
[12,4,8],
[9,11,12],
[9,12,8],
[1,13,2],
[6,5,14],
[15,16,17],
[15,17,18],
[3,19,20],
[3,20,21],
[21,22,10],
[21,10,9],
[22,17,16],
[22,16,10],
[3,2,19],
[20,22,21],
[23,13,1],
[18,23,1],
[15,18,1],
[14,15,1],
[14,1,6],
[1,24,25],
[1,25,6],
[26,1,0],
[26,0,27],
[26,28,29],
[26,29,30],
[31,32,24],
[31,24,1],
[31,1,33],
[34,33,1],
[28,35,29],
[36,37,38],
[36,38,39],
[32,31,40],
[41,29,35],
[35,32,40],
[35,40,41],
[42,43,44],
[42,44,45],
[26,30,46],
[46,34,1],
[46,1,26]
]}